{
    "total_queries": 50,
    "successful_queries": 50,
    "metrics": {
        "semantic_relativity": {
            "top1": [
                0.648,
                0.10234630575887871
            ],
            "top5": [
                0.5264000000000001,
                0.08171260486456974
            ]
        },
        "spatial_relativity": [
            0.2640260743768827,
            0.03765357185430822
        ],
        "semantic_spatial_score": {
            "top1": [
                0.16372827371773727,
                0.03459315772480349
            ],
            "top5": [
                0.1319039924410621,
                0.02743741031627827
            ]
        }
    },
    "timestamp": "2025-01-19T01:42:42.013945"
}